username,userID,phone number,time,date,vaccination center,user risk,RSVP
Ferdie Merrick,7512065686,0118886538,10:00AM,5/11/2021,Kuala Lumpur,Low Risk User,Y
Chloe Tan,5896456328,0125487963,03:00PM,16/11/2021,Kuala Lumpur,High Risk User,Y
Kimmy Lee,2036565686,0102156985,02:00PM,15/11/2021,Kuala Lumpur,Low Risk User,Y
Federick Ng,7512061506,0102145698,10:00AM,15/11/2021,Kuala Lumpur,High Risk User,Y
Wesley Tan,7508746686,0114563256,10:00AM,22/11/2021,Kuala Lumpur,Low Risk User,Y
Jason Lim,7203165686,0115478965,10:00AM,12/11/2021,Kuala Lumpur,High Risk User,Y
Imran bin Muhiddin,7526985686,0102145698,02:00PM,20/11/2021,Kuala Lumpur,High Risk User,Y
