username,userID,phone number,time,date,vaccination center,user risk,RSVP
Muhammad Danish Haikal,031031078573,0123008159,10:00AM,12/11/2021,MMU Cyberjaya,Low Risk User,Y
Jonathan Ng,850512065873,0147473576,03:00PM,13/11/2021,MMU Cyberjaya,High Risk User,Y
Danny Law,791020045784,0189498686,02:00PM,15/11/2021,MMU Cyberjaya,Low Risk User,Y
John Travis,010623101567,0163548865,03:00PM,15/11/2021,MMU Cyberjaya,Low Risk User,Y
Natalie Lim,020416108064,0163337548,10:00AM,17/11/2021,MMU Cyberjaya,High Risk User,Y
Trisal A/L Visharanam,940203100434,0174886183,03:00PM,22/11/2021,MMU Cyberjaya,Low Risk User,Y
