username,age,userID,phone number,address,postcode,gender,occupation,medical history,covid-19 status,appointmentbool,time,date,vaccination center,job risk,count,RSVP
Amelia Tan,26,012345678901,0123456789,"No.18, Taman Jaya",52300,Female,Community Services,NNYYY,normal,True,02:00PM,15/12/2021,Shah Alam,High Risk Job,High Risk User,Y
John Travis,30,010623101567,0163548865,"No.27, Jalan Rayu",65900,Male,Waitress/Waiter,NNNNN,normal,True,03:00PM,15/11/2021,MMU Cyberjaya,High Risk Job,Low Risk User,Y
Ferdie Merrick,40,7512065686,0118886538,"No.2, Taman Bunga",48900,Male,Health-care Worker,NNNYN,normal,True,10:00AM,5/11/2021,Kuala Lumpur,High Risk Job,Low Risk User,Y
Elicia Vinny,60,530487192783,0188987068,"No.67, Taman Jaya",50000,Female,Others,NNYNY,normal,True,10:00AM,17/11/2021,Shah Alam,Low Risk Job,High Risk User,Y
Chloe Tan,65,5896456328,0125487963,"No.6, Taman Bunga",40000,Female,Others,NNYYY,normal,True,03:00PM,16/11/2021,Kuala Lumpur,Low Risk Job,High Risk User,Y
Kimmy Lee,24,2036565686,0102156985,12 Jalan Bunga Mewah,48670,Female,Air Stewardess,NNYNY,normal,True,02:00PM,15/11/2021,Kuala Lumpur,High Risk Job,Low Risk User,Y
Federick Ng,35,7512061506,0102145698,"24,6D/Jalan Alam Mesra",48900,Male,Factory Workers,NNYYY,normal,True,10:00AM,15/11/2021,Kuala Lumpur,High risk Job,High Risk User,Y
Wesley Tan,42,7508746686,0114563256,15/2A Taman Emas,48670,Female,Teachers,NNNYY,normal,True,10:00AM,22/11/2021,Kuala Lumpur,Low Risk Job,Low Risk User,Y
Jason Lim,30,7203165686,0115478965,"No.15 Aman Mega, Ara Damansara",45000,Male,Food Delivery,NNYYY,normal,True,10:00AM,12/11/2021,Kuala Lumpur,Low Risk Job,High Risk User,Y
Imran bin Muhiddin,62,7526985686,0102145698,"No.23, Taman Pulau",42000,Male,Others,NNYYY,normal,True,02:00PM,20/11/2021,Kuala Lumpur,Low Risk Job,High Risk User,Y
Eliezer A/L Ishaan ,31,523659192783,0188256368,"AP-17-05, Desa Jaya condominium",53800,Male,Transportation,NNNNY,normal,True,02:00PM,13/11/2021,Shah Alam,Low Risk Job,Low Risk User,Y
Sanjana Sathish,28,530487458796,0132456859,"No.10, Jalan Biru",54000,Female,Health-care Worker,NNYNY,normal,True,10:00AM,16/11/2021,Shah Alam,High Risk Job,High Risk User,Y
Alyssa Binti Aiman,39,880618020862,0111177191,No.2 Saujana Jaya/1C ,54000,Female,Community Services,NNNYN,normal,True,02:00PM,15/11/2021,Shah Alam,High Risk Job,Low Risk User,Y
Natalie Lim,45,020416108064,0163337548,Cyberia Condominium Block C2,62000,Female,Factory Workers,NNYNY,normal,True,10:00AM,17/11/2021,MMU Cyberjaya,High Risk Job,High Risk User,Y
Danny Law,26,791020045784,0189498686,"QA-01-12, Condo Ria Cyberjaya",68400,Male,Others,NNYYN,normal,True,02:00PM,15/11/2021,MMU Cyberjaya,Low Risk Job,Low Risk User,Y
Jonathan Ng,54,850512065873,0147473576,"No.5,BlockA,CyberPark City",62000,Male,Health Care Worker,NNNYN,normal,True,03:00PM,13/11/2021,MMU Cyberjaya,High Risk Worker,High Risk User,Y
Muhammad Danish Haikal,33,031031078573,0123008159,12/5e Jalan Alisah Aman,68400,Male,Others,NNNYY,normal,True,10:00AM,12/11/2021,MMU Cyberjaya,Low Risk Job,Low Risk User,Y
Trisal A/L Visharanam,50,940203100434,0174886183,"No. 5, Taman Cyberia",68000,Male,Teachers,NNNNY,normal,True,03:00PM,22/11/2021,MMU Cyberjaya,Low Risk Job,Low Risk User,Y
Janushaa A/P Sivaraja,28,950514046789,0176877863,"03-F-20,Taman Desa Cyberjaya/5F",62000,Female,Teachers,NYYYN,under quarantine,False,,,,High Risk Job,High Risk User,N
Muhammad Abdul Abu,47,802450263895,0124789654,"23, Taman Putih",42300,Male,Food Delivery,YNNYY,under quarantine,False,,,,Low Risk Job,Low Risk User,N
