username,userID,phone number,time,date,vaccination center,user risk,RSVP
Amelia Tan,012345678901,0123456789,02:00PM,15/11/2021,Shah Alam,High Risk User,Y
Elicia Vinny,530487192783,0188987068,10:00AM,17/11/2021,Shah Alam,High Risk User,Y
Eliezer A/L Ishaan ,523659192783,0188256368,02:00PM,13/11/2021,Shah Alam,Low Risk User,Y
Sanjana Sathish,530487458796,0132456859,10:00AM,16/11/2021,Shah Alam,High Risk User,Y
Alyssa Binti Aiman,880618020862,0111177191,02:00PM,15/11/2021,Shah Alam,Low Risk User,Y
